<annotation>
  <folder>train</folder>
  <filename>monkeys_058</filename>
  <path>monkeys_058.jpg</path>
  <source>
    <database>Unknown</database>
  </source>
  <size>
    <width>474</width>
    <height>474</height>
    <depth>3</depth>
  </size>
  <segmented>0</segmented>
  <object>
    <name>monkey</name>
    <pose>Unspecified</pose>
    <truncated>0</truncated>
    <difficult>0</difficult>
    <bndbox>
      <xmin>5</xmin>
      <ymin>34</ymin>
      <xmax>473</xmax>
      <ymax>474</ymax>
    </bndbox>
  </object>
</annotation>